{
  "xsappname": "employee-sap-cap-managed",
  "tenant-mode": "dedicated",
  "description": "Security profile of called application",
  "scopes": [
    {
      "name": "uaa.user",
      "description": "UAA"
    },
    {
      "name": "$XSAPPNAME.Admin",
      "description": "Admin Scope"
    }
  ],
  "role-templates": [
    {
      "name": "Token_Exchange",
      "description": "UAA",
      "scope-references": [
        "uaa.user"
      ]
    },
    {
      "name": "Admin",
      "description": "Admin Role Template",
      "scope-references": [
        "$XSAPPNAME.Admin"
      ]
    }
  ],
  "role-collections": [
    {
      "name": "RCEmployeeCAPAdmin",
      "description": "Admin Can Create, Update, Delete The Data",
      "role-template-references": ["$XSAPPNAME.Admin"]
    }
  ]  
}